0,1,2,3,4,5,6,7,8,9,10,11,12,13,14,15,16,17,18,19,20,21,22,23,24,25,26,27,28,29,30,31,32,33,label
0.16090032,0.28760898,0.13385247,0.3157966,0.13188082,0.30827773,0.17118186,0.3953423,0.16542235,0.3874572,0.3354148,0.5190251,0.34914073,0.25238279,0.5639377,0.6405077,0.6245322,0.23503421,0.77764726,0.7811208,0.8803172,0.19085795,0.8092399,0.4602975,0.8141753,0.32047498,0.811063,0.76095456,0.53381526,0.6128962,0.9140177,0.41937345,0.879179,0.8068653,baddha konasana
0.2775186,0.67301345,0.24705979,0.6998551,0.24508165,0.6519187,0.26457405,0.72789747,0.25491035,0.6297387,0.43229884,0.7790979,0.43258372,0.57232076,0.6775836,0.7588323,0.6682281,0.58221,0.8699643,0.7139204,0.86964446,0.6008678,0.81940305,0.7310252,0.8162697,0.604359,0.7193962,0.95333934,0.7480426,0.37356508,0.9390932,0.7037949,0.9420375,0.63341546,baddha konasana
0.34416768,0.5040974,0.3107946,0.5264727,0.31376955,0.47527698,0.27971843,0.55983526,0.28174162,0.4512823,0.40468767,0.622233,0.41786474,0.40143973,0.643053,0.61140466,0.6583766,0.41960377,0.8280232,0.5720373,0.83996475,0.46056274,0.79468393,0.578817,0.8007939,0.44444215,0.77841103,0.80349535,0.76072645,0.2254898,0.90739757,0.4882126,0.9129497,0.480554,baddha konasana
0.24271545,0.6014075,0.22246756,0.6231473,0.22212131,0.5988431,0.23015678,0.6763246,0.22629224,0.6256432,0.3504822,0.7002642,0.36093444,0.57986605,0.5047632,0.78679836,0.52259004,0.53112656,0.72633797,0.77505094,0.66187745,0.50400156,0.69288737,0.70090806,0.69512904,0.6042161,0.8833328,0.7425418,0.720127,0.47811738,0.7992408,0.56148964,0.79027075,0.5603244,baddha konasana
0.26899025,0.49588805,0.23958431,0.51601493,0.23984003,0.47599,0.225767,0.53845763,0.22392543,0.45248,0.38564166,0.5862888,0.38739255,0.40510094,0.6183821,0.5760478,0.6207258,0.4113639,0.82131,0.54766536,0.8174323,0.4371741,0.77847254,0.54427284,0.7772096,0.43241033,0.8295321,0.73465556,0.8250797,0.25338152,0.88001746,0.49778807,0.8955169,0.487429,baddha konasana
0.19105294,0.5307644,0.16624871,0.55392694,0.16997181,0.5094145,0.19077982,0.5836085,0.19346058,0.49178773,0.34003726,0.6348801,0.34337094,0.44150352,0.5405496,0.65796554,0.53865886,0.42905352,0.6588328,0.6248784,0.67485523,0.4373742,0.69478893,0.5985011,0.694172,0.48328415,0.70208615,0.8057184,0.691704,0.26835838,0.8332774,0.59727407,0.8476474,0.4921144,baddha konasana
0.18753642,0.5427492,0.15303627,0.554706,0.15741234,0.5053056,0.16592288,0.54340565,0.18335304,0.44929355,0.39888963,0.59425193,0.3856747,0.41742858,0.6591612,0.61837745,0.6852414,0.4139867,0.85795975,0.65493524,0.89059204,0.51865345,0.8101422,0.5751543,0.8049331,0.4366692,0.8780645,0.6413155,0.8484516,0.2993608,0.9069854,0.61307216,0.92984694,0.54388946,baddha konasana
0.3004179,0.358387,0.2647343,0.36642957,0.26852167,0.35797936,0.229553,0.43519443,0.23553589,0.4185717,0.35839877,0.54849195,0.34711975,0.4752185,0.5727829,0.70053226,0.5185523,0.53119004,0.7249214,0.57614183,0.6391903,0.5001739,0.6414183,0.71748865,0.6426236,0.6084441,0.74697614,0.7001618,0.57060856,0.54857296,0.7333834,0.72578734,0.70863855,0.61141306,baddha konasana
0.2349261,0.47587317,0.2085885,0.49739045,0.20831679,0.45461863,0.22218455,0.5220274,0.22671835,0.42964864,0.38578114,0.56375015,0.39150962,0.38265073,0.60922545,0.5577761,0.61293817,0.37935686,0.8058684,0.52654207,0.81001276,0.4120313,0.7392755,0.522758,0.73991644,0.41639104,0.796834,0.73146623,0.8240251,0.2057094,0.8407314,0.5125548,0.83928204,0.43306857,baddha konasana
0.16385402,0.41596636,0.14137587,0.4368937,0.13899338,0.39384687,0.16255037,0.4586761,0.16068225,0.36798427,0.29283798,0.4995257,0.3274984,0.3125127,0.5285288,0.5073003,0.54335886,0.3150682,0.70942134,0.4818401,0.7341399,0.34310782,0.6910765,0.47510847,0.68698925,0.3554512,0.68342406,0.6816218,0.6632114,0.15859713,0.8400664,0.49333,0.8376372,0.31465173,baddha konasana
0.22891213,0.49765924,0.19661772,0.52247936,0.19854416,0.47315463,0.20319618,0.54618865,0.20501883,0.44622013,0.3639314,0.60287464,0.38411814,0.3915462,0.6059684,0.65371853,0.6248591,0.35626918,0.60337853,0.74018127,0.6343473,0.25924575,0.7621997,0.5576292,0.7575764,0.42204866,0.6739679,0.76119655,0.6891984,0.23731746,0.89690906,0.5623351,0.89788914,0.43010324,baddha konasana
0.3066391,0.4755986,0.27225277,0.49992773,0.27427205,0.44752878,0.26212063,0.53370434,0.26853803,0.4149564,0.40486926,0.6258625,0.41815266,0.353883,0.6187871,0.5870507,0.62633157,0.38299462,0.7843084,0.52236015,0.8125248,0.39942408,0.7325563,0.56811774,0.7368943,0.4156405,0.72338825,0.84482676,0.7071887,0.12697946,0.86051166,0.5338352,0.8561935,0.40519997,baddha konasana
0.28961486,0.51201713,0.26339352,0.5293414,0.26593727,0.4950737,0.27261832,0.5483247,0.2758099,0.474281,0.40190718,0.5675919,0.4129869,0.45146787,0.6306223,0.5559738,0.6336572,0.46763402,0.81913346,0.5455547,0.8224872,0.4801294,0.7536109,0.5668495,0.75515515,0.47571018,0.7527108,0.6771272,0.7354118,0.3624729,0.89641184,0.523942,0.88689923,0.51800406,baddha konasana
0.21160087,0.5305135,0.17803928,0.56371117,0.17639317,0.50334513,0.19445579,0.5994379,0.18506822,0.47406864,0.38256726,0.6740751,0.3811818,0.39095274,0.6449106,0.63877296,0.63925564,0.40773672,0.84345144,0.5758762,0.8503061,0.44217566,0.79434615,0.60396683,0.78544885,0.43454725,0.69938457,0.8917956,0.7252283,0.13189171,0.9202985,0.57114327,0.9280012,0.47623485,baddha konasana
0.0016170675,0.46683037,-0.00858449,0.49824175,-0.010811597,0.44689324,0.012094926,0.53477657,0.006829175,0.41336343,0.22641765,0.5968019,0.22223169,0.34767702,0.52687955,0.5646204,0.5413014,0.38450778,0.80274373,0.5479033,0.79429865,0.4275656,0.7487653,0.5555555,0.741693,0.3947327,0.5598275,0.76136184,0.6237807,0.1803556,0.89718884,0.55492365,0.9115707,0.40638492,baddha konasana
0.28390718,0.49882883,0.2527498,0.5210225,0.2559202,0.47025913,0.26400805,0.5493835,0.26946884,0.43855694,0.44425577,0.6202596,0.43310952,0.38108277,0.6540312,0.5927199,0.65672505,0.39268914,0.8470214,0.5573891,0.85366535,0.42110673,0.79409045,0.5445248,0.78192544,0.42969576,0.87814456,0.54232806,0.81870484,0.15229362,0.8791409,0.5441206,0.8944458,0.42715174,baddha konasana
0.13555615,0.46240506,0.10826262,0.4730702,0.10714835,0.43035984,0.12576188,0.4613304,0.13200143,0.37533802,0.32858652,0.46955675,0.31572363,0.32429036,0.5809379,0.50532347,0.5829821,0.29467183,0.7798728,0.52995765,0.79384756,0.38227037,0.7613555,0.46010998,0.7611555,0.31875822,0.72568893,0.65700364,0.71790415,0.175302,0.8803053,0.45335454,0.8878617,0.41959444,baddha konasana
0.34416768,0.5040974,0.3107946,0.5264727,0.31376955,0.47527698,0.27971843,0.55983526,0.28174162,0.4512823,0.40468767,0.622233,0.41786474,0.40143973,0.643053,0.61140466,0.6583766,0.41960377,0.8280232,0.5720373,0.83996475,0.46056274,0.79468393,0.578817,0.8007939,0.44444215,0.77841103,0.80349535,0.76072645,0.2254898,0.90739757,0.4882126,0.9129497,0.480554,baddha konasana
0.27754933,0.6738589,0.24763966,0.700836,0.24516344,0.6518238,0.2634803,0.7279185,0.25272453,0.6309349,0.43036065,0.7808621,0.43222106,0.5732967,0.67951983,0.75876564,0.6643083,0.5856756,0.8648793,0.71712303,0.86335534,0.6015767,0.81561,0.72850454,0.8153478,0.60272837,0.719581,0.9527461,0.7456057,0.37318084,0.9298586,0.71004057,0.9338187,0.6189626,baddha konasana
0.29474428,0.51684153,0.25754556,0.5452965,0.25598747,0.48893592,0.21162039,0.58103,0.20125385,0.44255126,0.36036834,0.66096795,0.35793087,0.35347456,0.61436594,0.63272715,0.62417674,0.392189,0.84397423,0.62042266,0.8438196,0.42262518,0.8054715,0.5930722,0.8133177,0.41525578,0.85803974,0.916567,0.8510139,0.10514635,0.9440437,0.55260646,0.94533986,0.46453944,baddha konasana
0.009458398,0.5289273,-0.0033628822,0.57454914,0.004865635,0.47161093,-0.014251212,0.5948069,-0.0026021022,0.55288607,0.014717433,0.6536134,0.016087493,0.34467727,0.4060453,0.63884395,0.43417037,0.3575553,0.74134046,0.5864005,0.7414716,0.41461253,0.7241568,0.62586534,0.7220639,0.40552947,0.6351077,0.921836,0.6069694,0.07921823,0.9027553,0.56489354,0.9051312,0.42896459,baddha konasana
0.2433612,0.51235294,0.21249056,0.53952986,0.21378893,0.48912457,0.23656918,0.5636889,0.23717572,0.4650066,0.42344576,0.6191204,0.422834,0.40658474,0.66297114,0.608894,0.6483691,0.4156642,0.86214006,0.56592786,0.8513355,0.45748106,0.8268464,0.5748912,0.8294885,0.44108948,0.7976617,0.80359507,0.7810627,0.22242038,0.9419477,0.55450255,0.94373995,0.47360933,baddha konasana
0.35715744,0.5221118,0.33821744,0.5423656,0.33638084,0.5033322,0.34848413,0.5670244,0.34616974,0.4817985,0.45641294,0.61863184,0.45569965,0.4228012,0.62027305,0.5959648,0.61960614,0.44018275,0.73703223,0.56313914,0.7270983,0.45942083,0.7206982,0.56275845,0.7120631,0.45350105,0.63629866,0.7787104,0.65182084,0.24003829,0.7749422,0.54701966,0.76691896,0.46312985,baddha konasana
0.28938496,0.45844692,0.26704153,0.46756148,0.2675568,0.42908475,0.2777655,0.45463082,0.28409407,0.3732935,0.41190928,0.50029165,0.40909922,0.3247033,0.5619053,0.5514723,0.5681515,0.29817158,0.6290824,0.6829538,0.6821828,0.2886621,0.70007217,0.47169468,0.7067882,0.35864428,0.67077476,0.7255649,0.74658966,0.25625616,0.82259023,0.5764539,0.8475136,0.507998,baddha konasana
0.24632344,0.51712257,0.20933874,0.5534723,0.2099814,0.4816884,0.22827171,0.59137696,0.23100857,0.43886328,0.4008933,0.68415505,0.41051477,0.3310079,0.6480978,0.6310857,0.6472555,0.3754786,0.8411194,0.58497334,0.8522013,0.4204452,0.78975487,0.59816504,0.7926731,0.4028931,0.7155838,0.96270776,0.7717388,0.03387894,0.93948925,0.5891644,0.94405353,0.41611505,baddha konasana
0.22891213,0.49765924,0.19661772,0.52247936,0.19854416,0.47315463,0.20319618,0.54618865,0.20501883,0.44622013,0.3639314,0.60287464,0.38411814,0.3915462,0.6059684,0.65371853,0.6248591,0.35626918,0.60337853,0.74018127,0.6343473,0.25924575,0.7621997,0.5576292,0.7575764,0.42204866,0.6739679,0.76119655,0.6891984,0.23731746,0.89690906,0.5623351,0.89788914,0.43010324,baddha konasana
0.18507312,0.4960923,0.15925337,0.5161979,0.16114157,0.4759415,0.17809647,0.5433083,0.17642927,0.46174958,0.35146526,0.5785429,0.3519361,0.4243225,0.6096735,0.58049756,0.5956343,0.42369673,0.7962061,0.55852383,0.7859752,0.45976424,0.73797023,0.5509112,0.7309287,0.457749,0.748248,0.70557505,0.74197644,0.30155742,0.8723953,0.48149547,0.868261,0.53944963,baddha konasana
0.3538966,0.4600079,0.33188435,0.44860154,0.33243543,0.4417336,0.33990377,0.3936872,0.34411845,0.37989908,0.45023003,0.42243809,0.46429572,0.34190884,0.62763935,0.4510869,0.6619172,0.39361298,0.7579121,0.55576396,0.76887333,0.51653296,0.7243387,0.41539684,0.7416252,0.32272127,0.6834051,0.60047376,0.74398446,0.40409717,0.7886913,0.48763272,0.79662246,0.52539474,baddha konasana
0.18526678,0.4591533,0.1591302,0.4816015,0.15461144,0.47151616,0.1707008,0.55008125,0.16654778,0.5379117,0.33789855,0.59049016,0.31715304,0.50501823,0.6248824,0.58721256,0.5492164,0.5267121,0.5132408,0.47400662,0.5052951,0.47249275,0.7630765,0.57349956,0.71303153,0.49802223,0.7211347,0.44943658,0.58355427,0.30702934,0.9055925,0.33015335,0.8563965,0.31650308,baddha konasana
0.1874593,0.4380981,0.16271849,0.45518294,0.1607681,0.45350876,0.17258848,0.51484805,0.1714403,0.51424825,0.30935407,0.5295276,0.30867982,0.520379,0.5117352,0.65109324,0.513271,0.6327113,0.74729425,0.69948304,0.7032242,0.6612348,0.76757085,0.5511826,0.7429301,0.51292104,0.85553455,0.40643096,0.8061247,0.41640982,0.81847584,0.39072046,0.7860824,0.41210258,baddha konasana
0.22284494,0.4943717,0.20299554,0.51677215,0.20400397,0.46620882,0.23464815,0.54481965,0.23525935,0.44451755,0.42006683,0.6032206,0.42705625,0.3878058,0.66161644,0.5854866,0.6545934,0.40269542,0.8593401,0.5470044,0.8631231,0.4226164,0.7883432,0.55187696,0.78544706,0.42988804,0.79260784,0.78751755,0.8273385,0.19221342,0.91769356,0.53446156,0.92228836,0.45656326,baddha konasana
0.16662249,0.4934829,0.13726817,0.52281463,0.14132833,0.46198624,0.16768643,0.5603752,0.17198782,0.4292443,0.34710014,0.6452782,0.35083327,0.3559719,0.60607266,0.65176237,0.601862,0.35722616,0.77332807,0.61035174,0.7678437,0.39105132,0.75100243,0.5858249,0.75053376,0.4196143,0.736615,0.9451113,0.7290474,0.059672713,0.8403404,0.590519,0.84670347,0.42318934,baddha konasana
0.2812285,0.5694554,0.2546413,0.59746784,0.25649008,0.5621838,0.27623168,0.64932853,0.26760897,0.57876146,0.4436195,0.6775496,0.4231536,0.5361418,0.6782517,0.6330166,0.6258731,0.48363078,0.80735767,0.53445715,0.74023014,0.40037918,0.8081375,0.6760366,0.77756184,0.5676395,0.71098715,0.64421993,0.62786597,0.40123934,0.9036996,0.4655686,0.86217445,0.39916626,baddha konasana
0.37947166,0.4921981,0.36289185,0.5041045,0.3641245,0.47308752,0.3692365,0.51745045,0.37160745,0.4488424,0.48122132,0.55244195,0.47447917,0.4151167,0.62058586,0.53724056,0.6206628,0.43717694,0.7599956,0.52052546,0.7531581,0.44878244,0.73220664,0.5312353,0.7352187,0.44892737,0.69991785,0.676319,0.7143396,0.31760108,0.81493896,0.5156054,0.81212586,0.44789532,baddha konasana
0.18257463,0.5171191,0.1623825,0.54194313,0.15865114,0.49628353,0.18908165,0.569121,0.18496412,0.47251955,0.33017713,0.604585,0.328405,0.42491442,0.54206485,0.6103789,0.55116826,0.40210468,0.67940676,0.57080466,0.6806495,0.4541732,0.63910365,0.5682671,0.63770187,0.45152885,0.66580397,0.7776976,0.6546697,0.24189694,0.723377,0.52399,0.72634673,0.48723766,baddha konasana
0.2638788,0.32409585,0.24725752,0.30403134,0.24678656,0.30160454,0.273919,0.2439192,0.27458814,0.24341439,0.41199616,0.26505905,0.41857672,0.24272305,0.24560228,0.27958083,0.23641625,0.26334417,0.15555634,0.2576338,0.14876479,0.2430431,0.7131738,0.26720038,0.7581728,0.25592816,0.73538977,0.47214088,0.7767754,0.4820003,0.75417066,0.6777094,0.79673845,0.69320226,baddha konasana
0.19685087,0.5832628,0.16791765,0.59768593,0.16071582,0.5532218,0.18100137,0.58767134,0.17092925,0.4915439,0.35821617,0.62636524,0.31886634,0.43264484,0.5518236,0.6334969,0.53438324,0.52354807,0.7398235,0.6951245,0.74045724,0.60092247,0.7081158,0.58135,0.7184443,0.4413216,0.62378955,0.80611247,0.51187676,0.30403826,0.8392368,0.67508227,0.8403805,0.5253235,baddha konasana
0.19685087,0.5832628,0.16791765,0.59768593,0.16071582,0.5532218,0.18100137,0.58767134,0.17092925,0.4915439,0.35821617,0.62636524,0.31886634,0.43264484,0.5518236,0.6334969,0.53438324,0.52354807,0.7398235,0.6951245,0.74045724,0.60092247,0.7081158,0.58135,0.7184443,0.4413216,0.62378955,0.80611247,0.51187676,0.30403826,0.8392368,0.67508227,0.8403805,0.5253235,baddha konasana
0.24796836,0.51327395,0.22079884,0.53681225,0.21952687,0.49100587,0.23257853,0.56678087,0.23054245,0.46432698,0.3980576,0.6141686,0.41488189,0.40243876,0.6531107,0.5985161,0.656156,0.41772667,0.8461853,0.57102174,0.84846133,0.44942772,0.8050653,0.5684197,0.8054896,0.44286296,0.7691847,0.78793395,0.7410702,0.23699148,0.9148232,0.5483385,0.92116874,0.47031826,baddha konasana
0.2211814,0.49333358,0.19291283,0.51356214,0.19707572,0.467999,0.207528,0.5385937,0.21680331,0.45036665,0.38391408,0.58863497,0.39135015,0.41426858,0.6154281,0.57921654,0.62766933,0.43036327,0.8068344,0.5776046,0.8018335,0.4490257,0.74138916,0.5521268,0.74351,0.44587687,0.77177286,0.73353463,0.7937947,0.28515556,0.8605288,0.5292984,0.86746424,0.5104832,baddha konasana
0.36716807,0.45620257,0.34006187,0.47903672,0.34125188,0.4349052,0.3504624,0.5068952,0.35158512,0.4124051,0.4872769,0.5602291,0.48812518,0.3688831,0.7112904,0.5482234,0.70906955,0.37516448,0.8709965,0.51890904,0.87222326,0.39671868,0.7918853,0.5140285,0.7981384,0.40699628,0.71488583,0.70121974,0.6969902,0.23828812,0.8972894,0.5104174,0.8883175,0.3982594,baddha konasana
0.18526678,0.4591533,0.1591302,0.4816015,0.15461144,0.47151616,0.1707008,0.55008125,0.16654778,0.5379117,0.33789855,0.59049016,0.31715304,0.50501823,0.6248824,0.58721256,0.5492164,0.5267121,0.5132408,0.47400662,0.5052951,0.47249275,0.7630765,0.57349956,0.71303153,0.49802223,0.7211347,0.44943658,0.58355427,0.30702934,0.9055925,0.33015335,0.8563965,0.31650308,baddha konasana
0.19685087,0.5832628,0.16791765,0.59768593,0.16071582,0.5532218,0.18100137,0.58767134,0.17092925,0.4915439,0.35821617,0.62636524,0.31886634,0.43264484,0.5518236,0.6334969,0.53438324,0.52354807,0.7398235,0.6951245,0.74045724,0.60092247,0.7081158,0.58135,0.7184443,0.4413216,0.62378955,0.80611247,0.51187676,0.30403826,0.8392368,0.67508227,0.8403805,0.5253235,baddha konasana
0.32270768,0.6238108,0.27055955,0.6438407,0.2790071,0.58153474,0.268172,0.64185184,0.27490312,0.5098751,0.45733923,0.6557732,0.42779177,0.41578004,0.7657192,0.7418664,0.7993989,0.29992944,0.8781162,0.62727064,0.90954894,0.4599076,0.8058359,0.5411584,0.7891393,0.38040173,0.76452434,0.74917525,0.7091548,0.14341623,0.89665866,0.51489645,0.9040594,0.45269987,baddha konasana
0.26899025,0.49588805,0.23958431,0.51601493,0.23984003,0.47599,0.225767,0.53845763,0.22392543,0.45248,0.38564166,0.5862888,0.38739255,0.40510094,0.6183821,0.5760478,0.6207258,0.4113639,0.82131,0.54766536,0.8174323,0.4371741,0.77847254,0.54427284,0.7772096,0.43241033,0.8295321,0.73465556,0.8250797,0.25338152,0.88001746,0.49778807,0.8955169,0.487429,baddha konasana
0.19105294,0.5307644,0.16624871,0.55392694,0.16997181,0.5094145,0.19077982,0.5836085,0.19346058,0.49178773,0.34003726,0.6348801,0.34337094,0.44150352,0.5405496,0.65796554,0.53865886,0.42905352,0.6588328,0.6248784,0.67485523,0.4373742,0.69478893,0.5985011,0.694172,0.48328415,0.70208615,0.8057184,0.691704,0.26835838,0.8332774,0.59727407,0.8476474,0.4921144,baddha konasana
0.18753642,0.5427492,0.15303627,0.554706,0.15741234,0.5053056,0.16592288,0.54340565,0.18335304,0.44929355,0.39888963,0.59425193,0.3856747,0.41742858,0.6591612,0.61837745,0.6852414,0.4139867,0.85795975,0.65493524,0.89059204,0.51865345,0.8101422,0.5751543,0.8049331,0.4366692,0.8780645,0.6413155,0.8484516,0.2993608,0.9069854,0.61307216,0.92984694,0.54388946,baddha konasana
0.2349261,0.47587317,0.2085885,0.49739045,0.20831679,0.45461863,0.22218455,0.5220274,0.22671835,0.42964864,0.38578114,0.56375015,0.39150962,0.38265073,0.60922545,0.5577761,0.61293817,0.37935686,0.8058684,0.52654207,0.81001276,0.4120313,0.7392755,0.522758,0.73991644,0.41639104,0.796834,0.73146623,0.8240251,0.2057094,0.8407314,0.5125548,0.83928204,0.43306857,baddha konasana
0.3066391,0.4755986,0.27225277,0.49992773,0.27427205,0.44752878,0.26212063,0.53370434,0.26853803,0.4149564,0.40486926,0.6258625,0.41815266,0.353883,0.6187871,0.5870507,0.62633157,0.38299462,0.7843084,0.52236015,0.8125248,0.39942408,0.7325563,0.56811774,0.7368943,0.4156405,0.72338825,0.84482676,0.7071887,0.12697946,0.86051166,0.5338352,0.8561935,0.40519997,baddha konasana
0.28961486,0.51201713,0.26339352,0.5293414,0.26593727,0.4950737,0.27261832,0.5483247,0.2758099,0.474281,0.40190718,0.5675919,0.4129869,0.45146787,0.6306223,0.5559738,0.6336572,0.46763402,0.81913346,0.5455547,0.8224872,0.4801294,0.7536109,0.5668495,0.75515515,0.47571018,0.7527108,0.6771272,0.7354118,0.3624729,0.89641184,0.523942,0.88689923,0.51800406,baddha konasana
0.21160087,0.5305135,0.17803928,0.56371117,0.17639317,0.50334513,0.19445579,0.5994379,0.18506822,0.47406864,0.38256726,0.6740751,0.3811818,0.39095274,0.6449106,0.63877296,0.63925564,0.40773672,0.84345144,0.5758762,0.8503061,0.44217566,0.79434615,0.60396683,0.78544885,0.43454725,0.69938457,0.8917956,0.7252283,0.13189171,0.9202985,0.57114327,0.9280012,0.47623485,baddha konasana
0.28390718,0.49882883,0.2527498,0.5210225,0.2559202,0.47025913,0.26400805,0.5493835,0.26946884,0.43855694,0.44425577,0.6202596,0.43310952,0.38108277,0.6540312,0.5927199,0.65672505,0.39268914,0.8470214,0.5573891,0.85366535,0.42110673,0.79409045,0.5445248,0.78192544,0.42969576,0.87814456,0.54232806,0.81870484,0.15229362,0.8791409,0.5441206,0.8944458,0.42715174,baddha konasana
0.27754933,0.6738589,0.24763966,0.700836,0.24516344,0.6518238,0.2634803,0.7279185,0.25272453,0.6309349,0.43036065,0.7808621,0.43222106,0.5732967,0.67951983,0.75876564,0.6643083,0.5856756,0.8648793,0.71712303,0.86335534,0.6015767,0.81561,0.72850454,0.8153478,0.60272837,0.719581,0.9527461,0.7456057,0.37318084,0.9298586,0.71004057,0.9338187,0.6189626,baddha konasana
0.22284494,0.4943717,0.20299554,0.51677215,0.20400397,0.46620882,0.23464815,0.54481965,0.23525935,0.44451755,0.42006683,0.6032206,0.42705625,0.3878058,0.66161644,0.5854866,0.6545934,0.40269542,0.8593401,0.5470044,0.8631231,0.4226164,0.7883432,0.55187696,0.78544706,0.42988804,0.79260784,0.78751755,0.8273385,0.19221342,0.91769356,0.53446156,0.92228836,0.45656326,baddha konasana
0.16662249,0.4934829,0.13726817,0.52281463,0.14132833,0.46198624,0.16768643,0.5603752,0.17198782,0.4292443,0.34710014,0.6452782,0.35083327,0.3559719,0.60607266,0.65176237,0.601862,0.35722616,0.77332807,0.61035174,0.7678437,0.39105132,0.75100243,0.5858249,0.75053376,0.4196143,0.736615,0.9451113,0.7290474,0.059672713,0.8403404,0.590519,0.84670347,0.42318934,baddha konasana
0.5802792,0.48777518,0.55460346,0.5019692,0.5593117,0.46503273,0.52341694,0.52453893,0.5253065,0.43859252,0.56174856,0.56687224,0.56961334,0.40360683,0.719942,0.61376,0.72421044,0.37059617,0.80388993,0.5391022,0.80241543,0.4399174,0.7641138,0.544221,0.7643013,0.44686207,0.7739456,0.72052246,0.77766395,0.27254337,0.84261245,0.49598348,0.83853304,0.48665634,baddha konasana
0.2812285,0.5694554,0.2546413,0.59746784,0.25649008,0.5621838,0.27623168,0.64932853,0.26760897,0.57876146,0.4436195,0.6775496,0.4231536,0.5361418,0.6782517,0.6330166,0.6258731,0.48363078,0.80735767,0.53445715,0.74023014,0.40037918,0.8081375,0.6760366,0.77756184,0.5676395,0.71098715,0.64421993,0.62786597,0.40123934,0.9036996,0.4655686,0.86217445,0.39916626,baddha konasana
0.37947166,0.4921981,0.36289185,0.5041045,0.3641245,0.47308752,0.3692365,0.51745045,0.37160745,0.4488424,0.48122132,0.55244195,0.47447917,0.4151167,0.62058586,0.53724056,0.6206628,0.43717694,0.7599956,0.52052546,0.7531581,0.44878244,0.73220664,0.5312353,0.7352187,0.44892737,0.69991785,0.676319,0.7143396,0.31760108,0.81493896,0.5156054,0.81212586,0.44789532,baddha konasana
0.42824844,0.46218675,0.3949183,0.49022087,0.3966947,0.43186647,0.38416985,0.527133,0.38752437,0.40404564,0.45036605,0.58310664,0.4661489,0.3470961,0.649349,0.7139288,0.6514388,0.21677908,0.7689276,0.56661654,0.7682111,0.35818958,0.713842,0.5527821,0.72049344,0.3947684,0.6532521,0.82292056,0.6270956,0.1282028,0.80156535,0.5451447,0.7959905,0.3892682,baddha konasana
0.18257463,0.5171191,0.1623825,0.54194313,0.15865114,0.49628353,0.18908165,0.569121,0.18496412,0.47251955,0.33017713,0.604585,0.328405,0.42491442,0.54206485,0.6103789,0.55116826,0.40210468,0.67940676,0.57080466,0.6806495,0.4541732,0.63910365,0.5682671,0.63770187,0.45152885,0.66580397,0.7776976,0.6546697,0.24189694,0.723377,0.52399,0.72634673,0.48723766,baddha konasana
0.29474428,0.51684153,0.25754556,0.5452965,0.25598747,0.48893592,0.21162039,0.58103,0.20125385,0.44255126,0.36036834,0.66096795,0.35793087,0.35347456,0.61436594,0.63272715,0.62417674,0.392189,0.84397423,0.62042266,0.8438196,0.42262518,0.8054715,0.5930722,0.8133177,0.41525578,0.85803974,0.916567,0.8510139,0.10514635,0.9440437,0.55260646,0.94533986,0.46453944,baddha konasana
0.18528253,0.4967376,0.15849185,0.51715404,0.16106306,0.47540775,0.17779718,0.54565555,0.17823227,0.46213883,0.35720703,0.5835777,0.3535292,0.41687158,0.61123765,0.5825124,0.60218877,0.41963795,0.7986268,0.56356686,0.7915233,0.45936036,0.74507177,0.55024356,0.7404396,0.452474,0.757951,0.72170335,0.7532429,0.28477085,0.8657923,0.49951404,0.87336135,0.52694416,baddha konasana
0.2651879,0.41437638,0.23386833,0.43741378,0.23578769,0.3875138,0.24658552,0.46256313,0.2526444,0.3628361,0.41536996,0.49998444,0.38645,0.32011107,0.6459393,0.44317734,0.6002729,0.30334303,0.8207756,0.3660291,0.7873257,0.26947573,0.736882,0.45222387,0.7220142,0.33847228,0.8360316,0.61694753,0.6973646,0.12699908,0.86252123,0.35965666,0.83084023,0.33803126,baddha konasana
0.31983978,0.61887735,0.29757532,0.6170755,0.29838893,0.5883298,0.30421707,0.57707846,0.31246987,0.51353025,0.43804726,0.61437577,0.42684576,0.44077963,0.5946048,0.565127,0.6125727,0.40565464,0.7502591,0.5361576,0.7888589,0.3490249,0.7460263,0.60252804,0.75428534,0.47880036,0.7518333,0.8392909,0.8410991,0.41594127,0.8401524,0.58052456,0.85015166,0.6519258,baddha konasana
0.29281467,0.62305355,0.2651649,0.64385015,0.2657503,0.59466547,0.2855921,0.66617155,0.28875354,0.5687361,0.45182645,0.7024191,0.47655538,0.53297734,0.6855671,0.7139236,0.7212313,0.5753692,0.89189315,0.7424082,0.9149599,0.64646286,0.8235566,0.6785753,0.8396166,0.57368606,0.8065357,0.8819059,0.92580384,0.42878926,0.9508738,0.6640685,0.96990496,0.6653325,baddha konasana
0.011010252,0.5329966,-0.0012929245,0.5768684,0.005989058,0.47686914,-0.008890366,0.6254033,-0.0026541932,0.4101487,0.012834979,0.6515615,0.018891515,0.34967834,0.40673858,0.63656497,0.4429536,0.35994107,0.7546339,0.5872192,0.75318104,0.4183354,0.7271159,0.6245916,0.72593445,0.4000258,0.63520056,0.92137486,0.60353374,0.07952387,0.8875653,0.56703687,0.894515,0.4267847,baddha konasana
0.35906923,0.5025708,0.33440349,0.52534384,0.33245516,0.485135,0.34593475,0.55041075,0.3422379,0.46758562,0.49695492,0.5868742,0.48205423,0.43159342,0.7093244,0.5669624,0.6996291,0.43539995,0.884085,0.53362226,0.8791806,0.44870216,0.8658165,0.54496664,0.86639774,0.44159046,0.7516504,0.7099334,0.7818633,0.28884077,0.9544597,0.5283364,0.94494945,0.4521168,baddha konasana
0.29743946,0.5144235,0.2598578,0.5469555,0.25919473,0.48475388,0.23919936,0.59351563,0.23670647,0.43897,0.4142346,0.68204194,0.42980427,0.34342808,0.6460975,0.6586061,0.65333587,0.363708,0.8159082,0.61089057,0.8072294,0.41276503,0.77204055,0.5988116,0.77518487,0.41756403,0.7662498,0.97688043,0.7661054,0.044124097,0.88138753,0.6069775,0.87579226,0.42505503,baddha konasana
0.17626065,0.50134975,0.14650375,0.5261286,0.1460131,0.47680286,0.16348112,0.5521491,0.16251479,0.4593169,0.34034342,0.60784495,0.33943513,0.39789397,0.5963297,0.58480364,0.590215,0.40710047,0.8368832,0.5840626,0.82674736,0.4258311,0.7181644,0.54804564,0.7213395,0.4334511,0.7016643,0.79988664,0.7474229,0.20817503,0.87918735,0.5677754,0.87939405,0.43765584,baddha konasana
0.19026704,0.48165005,0.15472162,0.5093589,0.15713236,0.4544376,0.16859005,0.5443784,0.17131744,0.42838186,0.36461264,0.61256444,0.36710215,0.35771343,0.63233495,0.59033,0.6250906,0.385799,0.8531949,0.5742411,0.84887064,0.40783912,0.7777975,0.5605658,0.7751354,0.42275524,0.7958044,0.870629,0.79482734,0.123240106,0.9078617,0.5581221,0.9141458,0.4341104,baddha konasana
0.21418487,0.49280152,0.18653442,0.51556385,0.1888001,0.46758494,0.20952843,0.5421374,0.21281932,0.4390757,0.40733746,0.61028886,0.40499067,0.37066263,0.6555964,0.55798465,0.6603772,0.3991632,0.86230654,0.5375169,0.85807717,0.41254038,0.7687072,0.55715835,0.76504594,0.42009953,0.69070876,0.74767333,0.6831144,0.21323545,0.9016292,0.5413316,0.90221804,0.42395687,baddha konasana
0.33913913,0.5074068,0.31446922,0.52732253,0.31479666,0.48628905,0.32618186,0.55592376,0.33049315,0.4693535,0.4659897,0.58361715,0.45177713,0.42358074,0.6651236,0.56535625,0.6501407,0.43870598,0.78840035,0.53699803,0.7722708,0.46374962,0.75010675,0.54170245,0.74775434,0.44626987,0.6320635,0.69872606,0.6485753,0.28739193,0.8407692,0.5479671,0.84061265,0.4464475,baddha konasana
0.35227272,0.5030633,0.314352,0.53207934,0.31393427,0.46975344,0.3279701,0.5645979,0.3277787,0.42732963,0.48623958,0.62181777,0.4655209,0.35090217,0.71907717,0.7291754,0.67888916,0.21146223,0.8002156,0.56491673,0.7902416,0.3747614,0.7485544,0.5446062,0.74430865,0.3791909,0.7444891,0.8425618,0.69803905,0.08475997,0.84406936,0.5291292,0.8378968,0.40897083,baddha konasana
0.0099954,0.49872294,-0.0023531027,0.5633331,0.002437137,0.44308734,-0.020420419,0.63088495,-0.005105894,0.34366533,0.008146336,0.6781418,0.010162491,0.3205058,0.33201677,0.6682349,0.36258477,0.3445515,0.6009226,0.60539776,0.6048617,0.40840372,0.5726564,0.607466,0.5692086,0.4007569,0.5116409,0.9790657,0.5028295,0.027787581,0.7157577,0.5949458,0.7113898,0.40527523,baddha konasana
0.24732397,0.48225784,0.21006775,0.50654936,0.21413422,0.45457387,0.20523943,0.5403071,0.21223181,0.41518095,0.38343343,0.6203135,0.40986493,0.34552398,0.6218033,0.6108199,0.64620924,0.38877982,0.8386621,0.5912996,0.8422765,0.42889237,0.7675064,0.56983805,0.7751051,0.41840535,0.789771,0.878383,0.85653144,0.120932825,0.8910168,0.5506771,0.8938915,0.46410775,baddha konasana
0.1982813,0.49168128,0.16221483,0.5184708,0.16420464,0.46263877,0.1755281,0.5558579,0.17518021,0.43414557,0.40042502,0.623165,0.39371508,0.35746786,0.66816384,0.6006702,0.6507211,0.3871975,0.84772855,0.550531,0.83107096,0.4132248,0.82180667,0.5683978,0.81818235,0.4048216,0.75393105,0.8102542,0.7145391,0.16992009,0.9220056,0.5490265,0.93525136,0.41270316,baddha konasana
0.2724484,0.40098986,0.2460399,0.42215198,0.24818145,0.37942046,0.26312515,0.451578,0.2647924,0.36326045,0.40763393,0.49342564,0.41043982,0.31586713,0.61337435,0.48357356,0.6103174,0.30448925,0.77273434,0.45470086,0.7847625,0.30222407,0.7575278,0.44155174,0.7503521,0.3412616,0.73318124,0.634656,0.71208864,0.16211131,0.84479505,0.42637298,0.8360671,0.32833463,baddha konasana
0.18668434,0.48305392,0.15420248,0.5089177,0.15655121,0.4573143,0.16785133,0.54206324,0.17070234,0.4346719,0.36680758,0.59833723,0.36647233,0.37858737,0.6335856,0.5768291,0.62525856,0.39720696,0.85269266,0.5624545,0.8465352,0.4220503,0.7808278,0.55020833,0.7757576,0.4319358,0.7921342,0.81982476,0.79294026,0.1763286,0.91052973,0.5522882,0.90999,0.43596923,baddha konasana
0.17655061,0.49969694,0.14963757,0.5220911,0.14880967,0.47838902,0.16922182,0.5431508,0.1642494,0.4608075,0.339503,0.5915863,0.33596355,0.4089254,0.58270496,0.5773665,0.5813857,0.4180997,0.8317503,0.5786091,0.8269841,0.43370977,0.7236152,0.5449765,0.72630167,0.4400764,0.70342445,0.7578902,0.7458763,0.25027308,0.8817458,0.56262964,0.8785083,0.44785273,baddha konasana
0.26213175,0.5005838,0.23122726,0.52892995,0.22930971,0.48200625,0.1681843,0.5805567,0.15645401,0.45029435,0.29435194,0.67608476,0.22906218,0.40816933,0.48242608,0.7218171,0.41960007,0.42874,0.6864365,0.72862947,0.66832465,0.41221192,0.6958423,0.64274395,0.68440616,0.47647384,0.79722625,0.9055104,0.7154111,0.20018774,0.8747093,0.58819544,0.8632472,0.4497944,baddha konasana
0.32493362,0.46634266,0.30955166,0.46493128,0.31136015,0.44694072,0.3193817,0.45027375,0.32460475,0.40618172,0.3986911,0.4675829,0.39992628,0.39325306,0.3986912,0.5453365,0.386613,0.4808611,0.32571426,0.5615992,0.3179748,0.5441355,0.6391804,0.42861313,0.63739246,0.36573482,0.6608566,0.5149979,0.73877525,0.26719445,0.70955163,0.41185424,0.71969527,0.40732068,baddha konasana
0.35179117,0.52495474,0.3340675,0.53926915,0.33381584,0.5059594,0.34465262,0.5551926,0.3450347,0.48663855,0.46986568,0.58671576,0.47380146,0.45121425,0.63314265,0.6176934,0.63554794,0.41982117,0.7282629,0.58166623,0.74146706,0.46458116,0.7363171,0.5592271,0.7367711,0.4806936,0.7015722,0.6821155,0.6798839,0.35975406,0.7865329,0.5497831,0.7948777,0.49343216,baddha konasana
0.3682462,0.49735317,0.32781923,0.52094793,0.33465618,0.46123415,0.28167543,0.5570083,0.293255,0.43107146,0.40701672,0.6367365,0.42046955,0.3687639,0.70344263,0.63364357,0.7049032,0.3852709,0.88944167,0.5767392,0.90361995,0.43691128,0.8532728,0.57892674,0.8538892,0.41995502,0.7933373,0.8603096,0.7777504,0.16459809,0.9587462,0.5508425,0.9546558,0.44384784,baddha konasana
0.34577632,0.4711749,0.3163664,0.49153188,0.32020786,0.44672653,0.29856932,0.5148737,0.29844424,0.41596043,0.44153395,0.5689171,0.44561118,0.36633667,0.64839983,0.5534375,0.654316,0.374626,0.8149472,0.5312026,0.8150396,0.40895388,0.7834435,0.51996714,0.7798841,0.4040013,0.81643677,0.74283725,0.8119197,0.18896429,0.86036825,0.48392677,0.85940695,0.43914405,baddha konasana
0.3672929,0.47517535,0.34636092,0.478508,0.34604445,0.4553773,0.3381828,0.45460358,0.33778456,0.40201876,0.449862,0.4779481,0.4722139,0.35882634,0.633347,0.49391297,0.6595935,0.40007418,0.766168,0.5303889,0.79155403,0.46764988,0.741646,0.47232172,0.75373304,0.38319933,0.7368005,0.63822824,0.763804,0.31070456,0.82502955,0.47421688,0.83039284,0.49426144,baddha konasana
0.31421345,0.51757336,0.28605148,0.5385749,0.28919113,0.4962601,0.27280736,0.5670473,0.27123663,0.4740737,0.40651083,0.6126824,0.4190979,0.4245017,0.5949603,0.60138345,0.6023524,0.43660066,0.73617274,0.57993793,0.72559935,0.46490318,0.7038694,0.5663136,0.70390576,0.4591383,0.6968403,0.7713792,0.6939527,0.26266396,0.7895851,0.5528718,0.79349095,0.4899947,baddha konasana
0.30163872,0.62045413,0.25068998,0.642976,0.2552407,0.57933396,0.24975315,0.6424932,0.25126702,0.507831,0.421643,0.65588194,0.3928037,0.40981883,0.71165514,0.74229306,0.73814654,0.30030727,0.80589867,0.639697,0.8332422,0.4566005,0.7380193,0.52607757,0.72989833,0.36911258,0.70337796,0.74832517,0.64934087,0.13934754,0.834013,0.56387234,0.8324857,0.4481352,baddha konasana
0.22501157,0.49059469,0.19626056,0.51424015,0.1982498,0.463184,0.2183271,0.5405862,0.22179875,0.44175553,0.39281905,0.5968568,0.3888264,0.37888595,0.59646714,0.5847267,0.6094007,0.38796154,0.7912133,0.5477568,0.7881662,0.42560616,0.77998775,0.5546508,0.7770993,0.4121239,0.7347847,0.7971411,0.7194184,0.18262786,0.86198026,0.53866386,0.85737354,0.4271871,baddha konasana
0.2605397,0.5314712,0.23290841,0.55688536,0.2353765,0.5083353,0.26019698,0.5869352,0.26003438,0.48902038,0.42028683,0.6313647,0.41655326,0.4505026,0.6488602,0.6791493,0.64216614,0.38119072,0.62314934,0.56604797,0.6288373,0.52012044,0.8525074,0.5931055,0.84119874,0.48494917,0.59796506,0.7340456,0.6014253,0.34770212,0.91295886,0.6586831,0.91285133,0.41565055,malasana
0.37419686,0.4401369,0.354641,0.46020922,0.35429677,0.4492471,0.36883903,0.5107805,0.364059,0.49107164,0.48345765,0.52876455,0.48550013,0.46705216,0.67968285,0.48950645,0.60569537,0.4594834,0.6302499,0.43349817,0.617629,0.43119675,0.7136741,0.6140135,0.7032827,0.54499805,0.567605,0.52931446,0.54797864,0.49474338,0.8379984,0.5767208,0.7908175,0.51654303,malasana
0.29474342,0.4326044,0.27460688,0.44823143,0.27420864,0.44652274,0.2987818,0.49529773,0.29532385,0.49332926,0.4335106,0.5029902,0.43578964,0.5034306,0.64037496,0.49827728,0.6284283,0.5011488,0.6387762,0.43093362,0.63807726,0.43276802,0.78445095,0.62859726,0.7728339,0.61782235,0.64291763,0.49541083,0.62239444,0.5014912,0.907445,0.55197597,0.8644661,0.5269757,malasana
0.2905794,0.4184503,0.27060816,0.44375736,0.27082217,0.40805072,0.30003834,0.49007282,0.28859037,0.41775128,0.44174185,0.53443164,0.45603776,0.3769788,0.65191513,0.5629151,0.61550426,0.3194317,0.6570609,0.4455936,0.6620608,0.36876598,0.80001986,0.53207695,0.7988034,0.43384635,0.62173873,0.6086053,0.5939084,0.292588,0.9003874,0.5836702,0.86735594,0.37725618,malasana
0.25875482,0.53268707,0.23214017,0.5568884,0.23506097,0.509294,0.25967795,0.58627486,0.26140103,0.48973903,0.42212483,0.62995166,0.41539332,0.45018396,0.6388602,0.68642884,0.64327496,0.38436133,0.6223267,0.57066554,0.62479526,0.5232445,0.8502996,0.5967652,0.83966434,0.48391226,0.5950589,0.7307998,0.60296047,0.34618962,0.9089284,0.6572339,0.91108286,0.41766575,malasana
0.43438154,0.4961372,0.404068,0.52207875,0.40746087,0.4681734,0.41400868,0.5585728,0.4143603,0.44350126,0.4944082,0.64244705,0.4922777,0.36971077,0.6686894,0.73074996,0.6526588,0.27045426,0.7036591,0.5464513,0.6936423,0.44856188,0.72164905,0.5923161,0.71761274,0.43520525,0.6134547,0.7970799,0.6289755,0.20721845,0.85807335,0.75888425,0.8552671,0.27256295,malasana
0.24787353,0.5040914,0.21626796,0.53360254,0.21841002,0.47341165,0.23451208,0.5734906,0.23319435,0.43400815,0.38081557,0.6552112,0.391844,0.35664868,0.61834013,0.73198956,0.6299325,0.29790702,0.79172665,0.71620846,0.79968935,0.31348333,0.68276,0.59642017,0.6908706,0.43710366,0.57209986,0.7763861,0.57425886,0.2280004,0.8589812,0.7153641,0.862479,0.31924495,malasana
0.38320765,0.38349292,0.36003193,0.36919078,0.36447972,0.3793623,0.36742344,0.3207767,0.3792326,0.35259634,0.45737186,0.28564137,0.510177,0.3122202,0.6087134,0.3459711,0.69695866,0.36888927,0.6199364,0.39916617,0.63577956,0.39723545,0.7440008,0.20803164,0.77591646,0.20197512,0.5492765,0.30960077,0.557733,0.30560645,0.77057475,0.27814525,0.81026524,0.23972492,malasana
0.29899037,0.6751136,0.26910976,0.6891779,0.25919345,0.65028936,0.2615981,0.65763783,0.24214573,0.5673685,0.39753908,0.6681539,0.38668996,0.4365328,0.5706253,0.7879361,0.64524645,0.435099,0.56587106,0.73382884,0.5744401,0.6403617,0.67021245,0.4592218,0.67216575,0.27909124,0.49821123,0.73400754,0.5138504,0.32715026,0.7449158,0.6192629,0.80161667,0.32993668,malasana
0.3035256,0.38151324,0.28559938,0.39954704,0.28498858,0.398113,0.3081283,0.45138156,0.30812496,0.45053658,0.38686678,0.45022842,0.38453105,0.45958358,0.49187362,0.3424892,0.4969943,0.35576588,0.54109746,0.2542319,0.5323279,0.26519084,0.65743244,0.58723265,0.6531019,0.5827017,0.49538523,0.365766,0.4989844,0.3716117,0.7618248,0.4651712,0.7513698,0.4611294,malasana
0.25875482,0.53268707,0.23214017,0.5568884,0.23506097,0.509294,0.25967795,0.58627486,0.26140103,0.48973903,0.42212483,0.62995166,0.41539332,0.45018396,0.6388602,0.68642884,0.64327496,0.38436133,0.6223267,0.57066554,0.62479526,0.5232445,0.8502996,0.5967652,0.83966434,0.48391226,0.5950589,0.7307998,0.60296047,0.34618962,0.9089284,0.6572339,0.91108286,0.41766575,malasana
0.37564206,0.44124717,0.3550704,0.46041307,0.3544487,0.4513648,0.36909816,0.5113907,0.36379775,0.49627683,0.47799504,0.53303325,0.4832784,0.470124,0.6751741,0.4910967,0.6308039,0.47175246,0.6291518,0.43499017,0.6160955,0.42732322,0.72435546,0.6199483,0.71317244,0.5697397,0.56474656,0.5290299,0.54834247,0.5038257,0.8298306,0.57348627,0.7954716,0.52188784,malasana
0.37564206,0.44124717,0.3550704,0.46041307,0.3544487,0.4513648,0.36909816,0.5113907,0.36379775,0.49627683,0.47799504,0.53303325,0.4832784,0.470124,0.6751741,0.4910967,0.6308039,0.47175246,0.6291518,0.43499017,0.6160955,0.42732322,0.72435546,0.6199483,0.71317244,0.5697397,0.56474656,0.5290299,0.54834247,0.5038257,0.8298306,0.57348627,0.7954716,0.52188784,malasana
0.37564206,0.44124717,0.3550704,0.46041307,0.3544487,0.4513648,0.36909816,0.5113907,0.36379775,0.49627683,0.47799504,0.53303325,0.4832784,0.470124,0.6751741,0.4910967,0.6308039,0.47175246,0.6291518,0.43499017,0.6160955,0.42732322,0.72435546,0.6199483,0.71317244,0.5697397,0.56474656,0.5290299,0.54834247,0.5038257,0.8298306,0.57348627,0.7954716,0.52188784,malasana
0.37923443,0.5133376,0.35620326,0.53358144,0.3566245,0.4882449,0.37219822,0.54897565,0.3757024,0.44817606,0.51328534,0.5924046,0.4968048,0.37860277,0.7041659,0.6854457,0.68987894,0.2957588,0.71325475,0.52126807,0.70944685,0.44998756,0.7914197,0.52905184,0.79270405,0.41491884,0.6613792,0.7241146,0.645995,0.25078177,0.8502273,0.61544454,0.8630424,0.35337853,malasana
0.25203744,0.4350205,0.22035272,0.4603257,0.21963915,0.40512714,0.22017534,0.48026812,0.21401194,0.35729527,0.40736878,0.5753912,0.40211776,0.24720241,0.6712056,0.6390408,0.68393296,0.20267281,0.63751197,0.46713257,0.6260613,0.38997996,0.75325775,0.48186052,0.76378095,0.33290592,0.5394801,0.66867656,0.5463783,0.15496443,0.8543048,0.5452756,0.8519627,0.24454829,malasana
0.3219375,0.5101057,0.29597268,0.5213467,0.29628465,0.4864893,0.29183248,0.5211933,0.2937414,0.44648182,0.39984637,0.55735534,0.41073155,0.39181006,0.58118683,0.6089796,0.5970783,0.34135762,0.5942824,0.604278,0.6287436,0.4697508,0.74813896,0.514775,0.74556994,0.41854307,0.523464,0.6509596,0.52886873,0.31125647,0.7961809,0.60705537,0.8006425,0.35241115,malasana
0.3219375,0.5101057,0.29597268,0.5213467,0.29628465,0.4864893,0.29183248,0.5211933,0.2937414,0.44648182,0.39984637,0.55735534,0.41073155,0.39181006,0.58118683,0.6089796,0.5970783,0.34135762,0.5942824,0.604278,0.6287436,0.4697508,0.74813896,0.514775,0.74556994,0.41854307,0.523464,0.6509596,0.52886873,0.31125647,0.7961809,0.60705537,0.8006425,0.35241115,malasana
0.36130857,0.50677675,0.3338998,0.5292161,0.33714724,0.48418498,0.34794697,0.5623575,0.35478666,0.4612938,0.48365268,0.63900894,0.48674563,0.39429253,0.66496414,0.7232302,0.6627608,0.30773517,0.6581538,0.5677053,0.66177905,0.49095294,0.798626,0.56954783,0.79920137,0.44792214,0.66070575,0.7748881,0.65293545,0.25187877,0.8647047,0.666902,0.8708592,0.35849768,malasana
0.18656175,0.48222086,0.15472889,0.50668,0.15664409,0.45609912,0.17622063,0.5337797,0.18083923,0.42926627,0.3469148,0.59264356,0.3488749,0.378659,0.5892533,0.6810481,0.5941016,0.30134046,0.597244,0.5196819,0.59891427,0.46269843,0.77203244,0.54795945,0.773699,0.41884518,0.5222231,0.71497655,0.5096885,0.27415764,0.89556944,0.6524224,0.8801783,0.325324,malasana
0.30659857,0.48146445,0.2856855,0.5009259,0.28581387,0.46063954,0.29643545,0.5312703,0.29647607,0.44293267,0.40541473,0.5851102,0.41581017,0.39025584,0.5413666,0.661812,0.55351555,0.2945908,0.580298,0.53215367,0.56951094,0.4355851,0.71641034,0.53743553,0.7162653,0.4274414,0.50663114,0.70088917,0.5260984,0.2707134,0.7293584,0.632771,0.7360932,0.34358326,malasana
0.41599286,0.48689532,0.38797557,0.5104913,0.3875012,0.46402022,0.37241676,0.542379,0.37210163,0.4356568,0.4877696,0.6097143,0.4893604,0.37487453,0.6728,0.67813635,0.6727856,0.29922125,0.6991362,0.5390597,0.70264286,0.44942504,0.8128345,0.5515487,0.81845194,0.4264922,0.6533078,0.74907357,0.67106336,0.24057171,0.88316065,0.64631826,0.8876589,0.34592733,malasana
0.43438154,0.4961372,0.404068,0.52207875,0.40746087,0.4681734,0.41400868,0.5585728,0.4143603,0.44350126,0.4944082,0.64244705,0.4922777,0.36971077,0.6686894,0.73074996,0.6526588,0.27045426,0.7036591,0.5464513,0.6936423,0.44856188,0.72164905,0.5923161,0.71761274,0.43520525,0.6134547,0.7970799,0.6289755,0.20721845,0.85807335,0.75888425,0.8552671,0.27256295,malasana
0.29899037,0.6751136,0.26910976,0.6891779,0.25919345,0.65028936,0.2615981,0.65763783,0.24214573,0.5673685,0.39753908,0.6681539,0.38668996,0.4365328,0.5706253,0.7879361,0.64524645,0.435099,0.56587106,0.73382884,0.5744401,0.6403617,0.67021245,0.4592218,0.67216575,0.27909124,0.49821123,0.73400754,0.5138504,0.32715026,0.7449158,0.6192629,0.80161667,0.32993668,malasana
0.18656175,0.48222086,0.15472889,0.50668,0.15664409,0.45609912,0.17622063,0.5337797,0.18083923,0.42926627,0.3469148,0.59264356,0.3488749,0.378659,0.5892533,0.6810481,0.5941016,0.30134046,0.597244,0.5196819,0.59891427,0.46269843,0.77203244,0.54795945,0.773699,0.41884518,0.5222231,0.71497655,0.5096885,0.27415764,0.89556944,0.6524224,0.8801783,0.325324,malasana
0.23363844,0.49711445,0.19842309,0.5174168,0.20216034,0.47136086,0.19470821,0.543673,0.20267785,0.44108385,0.3362414,0.59864014,0.35013464,0.3936886,0.5439307,0.68274224,0.57498914,0.325444,0.5787728,0.5374892,0.59218365,0.47993088,0.67765146,0.5556166,0.6803727,0.4299955,0.71064115,0.7069183,0.7301867,0.31728637,0.86651254,0.5955372,0.8964163,0.41052827,malasana
0.23363844,0.49711445,0.19842309,0.5174168,0.20216034,0.47136086,0.19470821,0.543673,0.20267785,0.44108385,0.3362414,0.59864014,0.35013464,0.3936886,0.5439307,0.68274224,0.57498914,0.325444,0.5787728,0.5374892,0.59218365,0.47993088,0.67765146,0.5556166,0.6803727,0.4299955,0.71064115,0.7069183,0.7301867,0.31728637,0.86651254,0.5955372,0.8964163,0.41052827,malasana
0.25230652,0.5005672,0.223915,0.52699244,0.22484854,0.4730311,0.24250694,0.559447,0.2438708,0.44410384,0.39409992,0.6325662,0.40152168,0.3833175,0.6233176,0.7187561,0.64531714,0.29566467,0.6719482,0.5465514,0.68437964,0.4660995,0.7796177,0.58407235,0.78574866,0.43433914,0.5950768,0.7792251,0.5718545,0.2249703,0.9077755,0.6504389,0.90817255,0.3627641,malasana
0.19360985,0.48819467,0.16664888,0.51426876,0.17092113,0.46117172,0.20180644,0.54559606,0.20563951,0.43857247,0.39097533,0.5918426,0.39626816,0.39091983,0.5821565,0.66913456,0.59934264,0.31129342,0.5791786,0.5115865,0.5774864,0.4442909,0.8200758,0.5472855,0.81119865,0.42863783,0.5835252,0.68672824,0.5776908,0.28345147,0.8920389,0.63002205,0.90568405,0.35902458,malasana
0.25149313,0.57597476,0.22825177,0.57183623,0.22901163,0.55753714,0.23680143,0.53671324,0.24146156,0.5014277,0.3676486,0.5620716,0.38480428,0.47378632,0.5323356,0.6007205,0.5758653,0.470287,0.5514792,0.5879421,0.5479802,0.57567585,0.6837679,0.50322694,0.6916739,0.40997863,0.5116491,0.6048055,0.5614438,0.44786227,0.7261272,0.53102475,0.7648739,0.44324332,malasana
0.2307885,0.45772925,0.20100643,0.48371235,0.20089969,0.43396908,0.20574108,0.51546806,0.2033898,0.3999385,0.3467316,0.5939574,0.3497699,0.32795602,0.5566383,0.68239695,0.5641596,0.22724803,0.5811022,0.52348286,0.59311014,0.39684716,0.67794865,0.5447393,0.676959,0.4004523,0.52164817,0.75232947,0.5444968,0.20181349,0.7932905,0.619041,0.78963584,0.3315961,malasana
0.29531994,0.49241862,0.27209982,0.509824,0.27264148,0.47351944,0.286281,0.53288317,0.29000407,0.45053077,0.44349176,0.57492113,0.43507874,0.40977275,0.6329826,0.6343834,0.63463736,0.3526195,0.6092405,0.51805925,0.60885847,0.47861317,0.7839323,0.52456135,0.7871294,0.42735156,0.6008238,0.66510415,0.59284705,0.31817526,0.8509488,0.59303176,0.8411023,0.37142503,malasana
0.25447503,0.34940737,0.23739621,0.35970226,0.23507114,0.36005473,0.24369536,0.40260017,0.23923703,0.40436682,0.3369608,0.4347592,0.33321953,0.430062,0.50467736,0.35102966,0.48799112,0.36384153,0.39632145,0.36013526,0.39651257,0.3608736,0.566326,0.60880995,0.5537492,0.5824932,0.62777555,0.4310674,0.599788,0.43111983,0.8636334,0.5218157,0.7550631,0.49548003,malasana
0.25067133,0.49051264,0.22295277,0.5131179,0.22256288,0.47037742,0.23018205,0.544665,0.23144503,0.44579574,0.385479,0.5929618,0.39822066,0.38435808,0.6041308,0.65355504,0.6192692,0.34629536,0.6381671,0.54653174,0.64074814,0.4797895,0.6195788,0.55283296,0.6222187,0.44414303,0.5057302,0.6735936,0.4937279,0.31451035,0.78585666,0.598229,0.7840121,0.37669966,malasana
0.28678662,0.4998612,0.2624743,0.517357,0.26363975,0.4815621,0.2738533,0.54017305,0.27728578,0.4632058,0.3945281,0.5749713,0.39505363,0.42198107,0.583513,0.64723945,0.57194287,0.34166834,0.52748775,0.52134895,0.53190047,0.48305923,0.7088885,0.5391013,0.71907794,0.4455268,0.52790016,0.6683067,0.528998,0.32346404,0.7890718,0.6252165,0.78093845,0.3787985,malasana
0.21062401,0.48078123,0.18358204,0.5092385,0.18549189,0.45593095,0.20817794,0.5410797,0.2138664,0.42311642,0.37086287,0.6143334,0.3858521,0.36168367,0.59029764,0.71913546,0.60239524,0.26999596,0.5638198,0.52619094,0.56519365,0.46389315,0.7395049,0.56600535,0.74346447,0.42339852,0.53393936,0.75022787,0.54829323,0.23771083,0.81743205,0.6576409,0.81228495,0.33634847,malasana
0.23747115,0.50899595,0.20235583,0.5319348,0.20722735,0.4863554,0.18750176,0.5655275,0.19234525,0.46664932,0.33766055,0.6095433,0.32866746,0.42244777,0.578976,0.6726762,0.5896202,0.36510217,0.6108714,0.55964583,0.6145881,0.50431156,0.7392568,0.5703503,0.7391962,0.44491,0.5676271,0.7154358,0.57747394,0.3140944,0.8897726,0.6975486,0.8883062,0.32652047,malasana
0.15865448,0.64321923,0.13221179,0.6311653,0.13303041,0.6218897,0.1421147,0.5794325,0.14509112,0.5604843,0.29850483,0.6097226,0.30749115,0.5210771,0.46893126,0.6287164,0.5389426,0.53412473,0.5693148,0.65911907,0.5864721,0.6297949,0.70210904,0.46354416,0.7103962,0.3512243,0.59232426,0.6486283,0.57341105,0.5576957,0.86702174,0.51716775,0.90268373,0.42674822,malasana
0.15470855,0.50964195,0.12615876,0.5198766,0.12943208,0.47416365,0.14570172,0.5109909,0.16538325,0.42265517,0.36994871,0.5536263,0.35541654,0.38022053,0.56269956,0.6708745,0.5835924,0.38097176,0.59379655,0.5840399,0.5777368,0.55422264,0.7901926,0.49622858,0.79313505,0.38572517,0.5868489,0.6676267,0.5534931,0.32311535,0.8963681,0.5633607,0.90375763,0.31719914,malasana
0.20055196,0.4630663,0.16003692,0.49924877,0.16310886,0.4275064,0.16930251,0.5539782,0.17266327,0.38577485,0.33709398,0.6551519,0.34181872,0.29288855,0.5594627,0.79381686,0.5800577,0.17444505,0.575408,0.51635635,0.5725798,0.41357312,0.7165284,0.58249193,0.7160296,0.3938931,0.56311864,0.87104285,0.5791839,0.09186962,0.8676548,0.7972303,0.8657619,0.22687595,malasana
0.3079286,0.52180576,0.29292622,0.5389727,0.2903721,0.50555575,0.31179556,0.56027055,0.3070978,0.48720777,0.42756537,0.5989647,0.43225142,0.44140664,0.6029826,0.65482897,0.6089003,0.38174546,0.53398967,0.54268765,0.54135346,0.50087625,0.75468665,0.5648291,0.75853765,0.47305062,0.5925461,0.6687095,0.58844674,0.36949694,0.807728,0.63112277,0.80770266,0.41114378,malasana
0.2307885,0.45772925,0.20100643,0.48371235,0.20089969,0.43396908,0.20574108,0.51546806,0.2033898,0.3999385,0.3467316,0.5939574,0.3497699,0.32795602,0.5566383,0.68239695,0.5641596,0.22724803,0.5811022,0.52348286,0.59311014,0.39684716,0.67794865,0.5447393,0.676959,0.4004523,0.52164817,0.75232947,0.5444968,0.20181349,0.7932905,0.619041,0.78963584,0.3315961,malasana
0.26162905,0.50204664,0.23077485,0.52547383,0.23030412,0.48031834,0.23594175,0.54979867,0.23109318,0.4555058,0.39285114,0.576685,0.3773333,0.4101057,0.5897046,0.608994,0.611309,0.36319336,0.63951397,0.6094695,0.6386336,0.47302562,0.68898207,0.5032589,0.6855599,0.40693647,0.6002449,0.63824344,0.55995554,0.3151772,0.81186575,0.5454279,0.8118887,0.36972165,malasana
0.3219375,0.5101057,0.29597268,0.5213467,0.29628465,0.4864893,0.29183248,0.5211933,0.2937414,0.44648182,0.39984637,0.55735534,0.41073155,0.39181006,0.58118683,0.6089796,0.5970783,0.34135762,0.5942824,0.604278,0.6287436,0.4697508,0.74813896,0.514775,0.74556994,0.41854307,0.523464,0.6509596,0.52886873,0.31125647,0.7961809,0.60705537,0.8006425,0.35241115,malasana
0.37564206,0.44124717,0.3550704,0.46041307,0.3544487,0.4513648,0.36909816,0.5113907,0.36379775,0.49627683,0.47799504,0.53303325,0.4832784,0.470124,0.6751741,0.4910967,0.6308039,0.47175246,0.6291518,0.43499017,0.6160955,0.42732322,0.72435546,0.6199483,0.71317244,0.5697397,0.56474656,0.5290299,0.54834247,0.5038257,0.8298306,0.57348627,0.7954716,0.52188784,malasana
0.36130857,0.50677675,0.3338998,0.5292161,0.33714724,0.48418498,0.34794697,0.5623575,0.35478666,0.4612938,0.48365268,0.63900894,0.48674563,0.39429253,0.66496414,0.7232302,0.6627608,0.30773517,0.6581538,0.5677053,0.66177905,0.49095294,0.798626,0.56954783,0.79920137,0.44792214,0.66070575,0.7748881,0.65293545,0.25187877,0.8647047,0.666902,0.8708592,0.35849768,malasana
0.4115873,0.48934728,0.3817379,0.51116985,0.38228074,0.46379516,0.36729884,0.54085493,0.3682767,0.432318,0.4860646,0.60751265,0.4911481,0.3726921,0.6681711,0.68688446,0.6779384,0.29209557,0.6976782,0.5367658,0.6973207,0.43629718,0.81352603,0.55480963,0.8207165,0.4361255,0.65143776,0.7489294,0.6643372,0.2425416,0.8776798,0.646083,0.8871872,0.34722942,malasana
0.43408716,0.49454215,0.40351126,0.51959956,0.40651685,0.46804896,0.40682364,0.55791914,0.41148418,0.44364566,0.49497104,0.6479799,0.49116644,0.36912856,0.66929877,0.7311061,0.66116047,0.25909844,0.69010776,0.547938,0.68461275,0.44196516,0.7377673,0.5849497,0.739727,0.43901822,0.6083057,0.7971007,0.6229249,0.20150527,0.84985185,0.76096004,0.8427576,0.275282,malasana
0.15131712,0.2894891,0.12920374,0.30406392,0.13223425,0.270773,0.14439757,0.32255182,0.15053879,0.2513339,0.28108978,0.34952506,0.29330134,0.22567625,0.46875748,0.3990307,0.4857865,0.17743322,0.51610595,0.2938047,0.51468086,0.2642136,0.6448148,0.33519056,0.6349536,0.246454,0.8025042,0.3317002,0.8067583,0.26173773,0.90791553,0.33061454,0.9243803,0.24435993,malasana
0.21478973,0.49979618,0.18517822,0.5239739,0.1859566,0.4793876,0.1977885,0.5521932,0.19735385,0.4581419,0.3629725,0.59397805,0.36145905,0.41059187,0.57557064,0.6499532,0.57165164,0.35219887,0.6151949,0.5358822,0.62407047,0.4644588,0.7849225,0.55299914,0.7661532,0.44027963,0.58984864,0.683642,0.58834106,0.32021967,0.8829208,0.6114397,0.8775229,0.39410374,malasana
0.48950943,0.50573695,0.47384343,0.5179137,0.47331503,0.4911217,0.4720251,0.5373283,0.47227067,0.4749367,0.54249966,0.5557092,0.54938763,0.44213542,0.65084165,0.5951019,0.6639376,0.4012928,0.7741657,0.5852974,0.6655176,0.50257444,0.7768953,0.5159494,0.77025276,0.45193708,0.6400962,0.60547334,0.6228696,0.4076275,0.78396827,0.583426,0.7865615,0.4116258,malasana
0.21299993,0.4184461,0.18965869,0.43749565,0.18869366,0.39845327,0.20247392,0.46214712,0.202313,0.37622762,0.33959237,0.51602596,0.33757263,0.328417,0.5290658,0.57073754,0.546064,0.26305762,0.5033987,0.44923282,0.5067291,0.39936125,0.6838601,0.47209787,0.6842893,0.35682955,0.4572333,0.6011113,0.44942462,0.24422684,0.7282488,0.54963887,0.7270334,0.30064827,malasana
0.30790344,0.5120488,0.29371098,0.52401936,0.2936621,0.4968159,0.30052972,0.5415766,0.30093774,0.4815648,0.38992417,0.5752896,0.38908422,0.45045543,0.5186488,0.6241877,0.5187584,0.40309325,0.4837461,0.53433657,0.48115775,0.49920622,0.5879381,0.5435485,0.5869286,0.48278588,0.51241714,0.6404584,0.5209634,0.3867011,0.6609191,0.62367404,0.66393304,0.4043839,malasana
0.30214402,0.4813907,0.28373933,0.50810295,0.28514612,0.45677873,0.3183305,0.5444359,0.3158166,0.43029192,0.4296797,0.6047075,0.4285822,0.3642727,0.597482,0.7068196,0.596743,0.26709184,0.6063649,0.51420593,0.61211693,0.45390832,0.7195471,0.5369078,0.72286826,0.4096402,0.57885844,0.75410265,0.5748224,0.19858237,0.82166266,0.66279584,0.8111607,0.29824048,malasana
0.29617035,0.5150283,0.27497375,0.51537144,0.27593917,0.48922417,0.28516325,0.4908415,0.2925754,0.43833923,0.4170482,0.5351697,0.41290888,0.39923257,0.57348216,0.5982417,0.58396727,0.45034117,0.5190305,0.5916121,0.51834506,0.57312787,0.73035103,0.46641624,0.7385723,0.3694073,0.53870785,0.60145414,0.54252917,0.39000776,0.76361287,0.5309338,0.83849245,0.370367,malasana
0.26830783,0.48465675,0.23785532,0.5153129,0.24186559,0.45088643,0.25868022,0.5560933,0.26609713,0.41457796,0.3847341,0.64147735,0.37665045,0.34101996,0.61024785,0.7406539,0.5827447,0.22905084,0.56229943,0.5178251,0.56009394,0.44605196,0.6485795,0.5681274,0.6456695,0.42451003,0.5108288,0.77940726,0.5039724,0.19211915,0.77069104,0.7017282,0.7522978,0.25016505,malasana
0.28626406,0.5591758,0.25525445,0.570041,0.25720656,0.53011316,0.2589738,0.55671567,0.26840165,0.46549356,0.41233465,0.5869922,0.43567693,0.41762456,0.63162374,0.70545346,0.68285865,0.36131603,0.6527664,0.5602737,0.65582967,0.5305499,0.81037074,0.56592596,0.8020872,0.4536004,0.5989946,0.7530231,0.6141104,0.2989468,0.8913015,0.6997973,0.89772826,0.39064246,malasana
0.3098387,0.52457404,0.28844514,0.5442647,0.28848776,0.5027303,0.30526313,0.56908417,0.30880627,0.4772548,0.4220631,0.60757774,0.4318086,0.43750507,0.5973102,0.6715868,0.622937,0.35908723,0.65231067,0.60510683,0.64153236,0.49079344,0.7735552,0.56991106,0.7796442,0.46456903,0.61002976,0.71061575,0.6027521,0.3289638,0.86901385,0.621404,0.8683337,0.41030088,malasana
0.297306,0.5195193,0.27137822,0.5391237,0.27268696,0.49817038,0.283983,0.5643479,0.28713897,0.47556892,0.43353343,0.60304964,0.4258162,0.43823454,0.62829775,0.6811895,0.6266277,0.37215802,0.6097124,0.54924953,0.6066846,0.51315576,0.7823807,0.5593911,0.7904709,0.45921564,0.6017063,0.70184445,0.59364045,0.33562213,0.84811026,0.62768537,0.85006064,0.3948723,malasana
0.311785,0.51131934,0.2902938,0.5292077,0.2903521,0.49246833,0.29990327,0.55373496,0.30072072,0.47517684,0.4266091,0.5898102,0.4231211,0.43596867,0.5910219,0.6359136,0.59404254,0.38377938,0.6135626,0.5369429,0.6137599,0.48453674,0.74565464,0.5525347,0.7400542,0.46319875,0.5919605,0.6645545,0.595344,0.36653993,0.8136473,0.6034886,0.8133632,0.43010432,malasana
0.17783213,0.43323216,0.15558903,0.42928544,0.15901332,0.4041008,0.17016438,0.39724192,0.18505555,0.34527588,0.33856604,0.44271752,0.32967758,0.31611603,0.5348132,0.50779265,0.541313,0.3536772,0.4765203,0.4847076,0.48474336,0.470126,0.6926131,0.34898478,0.71658593,0.24097578,0.5032677,0.5128703,0.48298368,0.2979683,0.74767166,0.4069599,0.7775176,0.2680438,malasana
0.18664853,0.55351,0.16382161,0.5740481,0.16382463,0.53099155,0.18916868,0.5978192,0.19000159,0.5029283,0.3711005,0.6530542,0.3770204,0.45318332,0.5812612,0.72021234,0.61087936,0.3853919,0.6076622,0.64287674,0.61381966,0.53572214,0.7748429,0.606704,0.768349,0.49554023,0.5920053,0.7694987,0.59444916,0.35026413,0.9092562,0.7111668,0.92339617,0.37902573,malasana
0.17624,0.49246454,0.14492,0.52133894,0.147674,0.46532795,0.1687634,0.5558368,0.17044564,0.43507147,0.35456014,0.631706,0.35845605,0.3682653,0.63690907,0.7055434,0.6330998,0.2844274,0.5951334,0.5183336,0.5985383,0.47545874,0.7361441,0.5690626,0.7383683,0.4302905,0.55823183,0.7561992,0.5685129,0.24608548,0.88546616,0.6840872,0.8931113,0.3262166,malasana
0.20601921,0.45277157,0.16259553,0.4961161,0.16468303,0.41272166,0.16823858,0.56008434,0.16850223,0.36451018,0.33407745,0.67762685,0.3436295,0.24923687,0.5647255,0.84525895,0.5781336,0.11123795,0.56983256,0.517319,0.57297283,0.39841726,0.7100309,0.58972293,0.7000391,0.37921888,0.56981486,0.94777393,0.5739106,0.039202977,0.86678314,0.8441759,0.86783385,0.17087765,malasana
0.2933282,0.5040312,0.2813235,0.52862895,0.28534847,0.4672581,0.3350438,0.56451744,0.3487454,0.42162645,0.42201078,0.6563473,0.44214448,0.34295455,0.6011924,0.7750447,0.6194391,0.23848309,0.62409925,0.5496418,0.6172236,0.47337613,0.67621547,0.5721014,0.672085,0.41883644,0.59267044,0.8714748,0.59125596,0.14251107,0.78200525,0.78606665,0.7834786,0.22295988,malasana
0.30553398,0.49453843,0.28447366,0.512868,0.28441972,0.47422755,0.2958918,0.53899664,0.29481435,0.45828128,0.414185,0.57994837,0.42357612,0.41700956,0.5885554,0.6450612,0.5892372,0.35612446,0.5777983,0.5240377,0.5721798,0.48181525,0.7078105,0.5369136,0.7106908,0.44659758,0.5481946,0.6738878,0.5514335,0.3195398,0.7547699,0.60390174,0.75761956,0.39688328,malasana
0.41426998,0.48935455,0.38373443,0.51278996,0.38401505,0.46389836,0.36957675,0.5403572,0.3708064,0.43170455,0.486095,0.60867774,0.4947677,0.3720456,0.67002493,0.6880904,0.67566854,0.29135424,0.7031734,0.53033215,0.6973421,0.43750548,0.81166977,0.55585074,0.8186115,0.43676662,0.65201503,0.74892265,0.66565555,0.24085955,0.87937075,0.64574134,0.8837046,0.34776634,malasana
0.32189775,0.5094512,0.29478276,0.52024966,0.2958296,0.48618758,0.2920683,0.5205636,0.29231393,0.44568053,0.40245944,0.5564635,0.41180062,0.39265925,0.58301306,0.6093359,0.59842855,0.3394685,0.621241,0.4959489,0.6294081,0.46782795,0.7556125,0.5111934,0.75743425,0.41806024,0.5350011,0.64549583,0.5286268,0.30863822,0.79898417,0.60629076,0.80581456,0.3508664,malasana
0.4335178,0.70896435,0.41801786,0.6967725,0.41645887,0.69789135,0.42545915,0.6570569,0.42499998,0.6534739,0.50873345,0.6394952,0.51056314,0.6390312,0.6195245,0.6968123,0.628488,0.69979846,0.583028,0.7176542,0.5817448,0.7230438,0.7279199,0.5258994,0.73617107,0.53014463,0.6131731,0.69276416,0.62030923,0.69176143,0.7683767,0.61231935,0.7808773,0.60619384,malasana
0.32173648,0.50731236,0.29435346,0.5192732,0.2952101,0.48437217,0.29173073,0.52090436,0.29142925,0.44488007,0.40232882,0.5552365,0.4097158,0.39258993,0.5834327,0.60809463,0.5976053,0.34005737,0.6216352,0.49560833,0.6305278,0.46825635,0.7578282,0.51082665,0.75894237,0.41831705,0.5337002,0.6446727,0.52776885,0.3081072,0.80076426,0.606155,0.8045385,0.35039887,malasana
